Word,Mu,Sigma
msh,1.3701239626748056,0.35902183167966173
wvzgcpesvd,3.05574593595481,0.5564080934178947
feq,1.2137952293802035,0.20551765159179874
eqkwbi,2.0050921564602486,0.4466254876187382
uldxpk,2.1218352300060923,0.41672119067985747
bziltixarfr,2.98320583007224,0.4886054403085479
zlx,1.0212117945647716,0.4710669528524316
leeoobegqx,3.2909365905104786,0.5697447900957502
ujuxdrokojinmnxit,3.1915299833209545,0.4278001461958027
wrepdqmmcmuskr,2.538391769504255,0.4180837040805703
lyedpamgdv,2.326462194820757,0.5112854204522705
lrhmwyhxawuxnplfbqqhicxjtesjxk,3.092562557833311,0.46294193971519515
nbvqchzvrvwebgstoi,3.1017450134400306,0.22093248516454406
pmuz,1.8204670557548153,0.44710868356347694
ixt,1.021419456225721,0.4318375118537766
btzxaziqxevn,2.502186951110663,0.3307112338516619
vskkyljhfgwpzchaouprqmipakifek,2.943087449769072,0.5996809264669696
bptqjjlctfacmpbvpxzh,3.258544325726676,0.36873516046880284
dufnfwaka,2.252188662914738,0.20071959747475854
hbvnlpazjdmlwco,2.1789529724331045,0.5931129157225313
jgyipgtkzpw,2.3542256626766225,0.3627690532372599
lfjtceepsdqisnaramto,2.8751522269813443,0.22887792814728783
ahsqnfzlbiejhpaodchtf,2.823535331521442,0.22103894126646506
plslqqgntwq,2.786265308294694,0.2707142239080368
rkhkkidz,2.653655911690559,0.5425179765663413
kqozegqnjgpuiwgznow,2.6346535653326875,0.32569060048558834
klni,1.8176736459073273,0.5241340036380573
qnexr,2.1410282916174816,0.550189535310917
voi,1.0343264783502577,0.33588194462571463
zsqfdz,1.749386222715613,0.23118260653256467
ptjjdxh,1.6389553706773523,0.5902271054733865
huxz,1.1145623752154936,0.26093340777531604
tkslvp,1.4865254667964112,0.4759370170726618
eswzgfd,2.4232561955285616,0.5562765802064749
zczwznjwjc,2.442865067490927,0.42741014824085427
yshmphpghlyvrpxsybkifhshlxgkma,2.52871056817587,0.5819178320308711
snc,1.109304279887468,0.24006736232791562
obi,1.1109970919203345,0.4349077061741665
wesgiyheztgb,1.9161257541430454,0.415507126216787
bja,1.461884625776039,0.40471322967736023
tvigijccgxfsuftizy,3.044655563065153,0.24391904255192964
turkmewyhczdh,2.599950222833007,0.25723399124960744
loftrbgzrhsgwlaszwvnpjvnqzxbob,3.319253995372481,0.3353057169289796
cmmeicbxumweaxsqw,2.7860427774354823,0.25104722349359476
hvtknkimpj,1.2564995345300634,0.5539600379723832
lqwycdelse,2.12334021606243,0.5789206872349397
jwynljv,2.001263805559195,0.3598152715214339
tkwhsqjlmvhhpaturkrpfkfjuqye,2.376748654545942,0.4432063012406011
gvm,1.3724464729109997,0.3603988231213748
hwdxofetyfaowv,2.436021795793396,0.341800824100431
pko,1.4121678656231074,0.29543988404663635
rcz,1.0842179454719403,0.2041515003447849
aralixr,1.2791903672954112,0.5146323094843113
lublo,1.3693902756311545,0.37797086358442344
hsmmgyeivuyqcod,3.070356254164039,0.3624357037006535
pxf,1.2453516775458455,0.20471457220148645
rssjfthqdnfbscdiedke,2.60345029252943,0.37521661894225355
gutlem,1.0523084550955468,0.42987642728906794
pnog,2.605412215818436,0.4580490779751692
gwbekqvmyf,2.358682361454414,0.5955311262358767
kmclovldxcdmfwk,2.503386892254017,0.43083131031535105
kxzcrsjxyrcddzntebpfm,3.0982657536340987,0.4724088385452459
yyfvo,1.3948774190209798,0.48927218316537463
thqofaqaiyssfpeltxvwq,2.7060079519797346,0.47038441187537666
huerjhtliwdscejahpu,2.844179384818117,0.4451211734650734
vsrmzlkrqzxgrgem,2.677301525613493,0.27749460074217025
haj,1.9490482701151959,0.5823805224084959
ymoxbmsa,2.538938664619714,0.4318650197186348
dgn,1.0513633590606941,0.42281520324808686
iodyp,1.416661625087495,0.3715048731878633
awcrkunk,2.649762175216549,0.5779454894960869
anz,1.0742459649720892,0.23171042387244195
xffo,1.6093507384755967,0.20740719464333435
aajmtrp,2.5793448813026054,0.558915642315197
dcvstbaebsarnbmvpqnpylhxostqkq,3.282737163317114,0.32321438586761064
svdikxhysjaoqjqutemclimzwwj,3.1772320608132625,0.2688462579969074
odi,1.1175166233194602,0.4913953005759703
qldvexvuaghocuoid,3.0267721450407943,0.28239690940316586
sqfktbggpdleeaikjik,3.346280724656091,0.5184797598890811
ofmzkvocqmyuchszrb,3.1714206556139706,0.48564902625834244
vtgdjurbbeecyt,2.968540518816404,0.598413663029961
ejgcfgqdhguthvlukdhlf,3.370711171686287,0.4006167293588127
mjqmq,1.2943514938203522,0.2258977527975343
ucw,1.395889397469225,0.43237263234566914
jbpx,1.3599327141411885,0.5036421457841418
dzfsu,1.4069658357931811,0.21199916239561833
mfbyg,1.900638695604559,0.3529494069407993
eegstaumjdzthhsc,2.645215978079745,0.24811080892721918
ieop,1.391341921541613,0.33297268089553456
lgbg,1.6161880523287873,0.31143035458094875
npxtedlswbkbein,2.482568105352367,0.5388809494136821
xyyjkgryfjhahgfsviovwkrlmjt,3.209514996856348,0.2602496385226023
qxpi,1.4883551040108962,0.5382025895178867
ylmm,1.354290794704325,0.23145376741929868
sekfdxodoqiahwt,2.581584827077142,0.27459825613093536
kyeimzzksbiiptrukxidjgthnzpy,2.6618360785597304,0.5445319233750376
dylur,1.8659645102748028,0.28452251224241
yeg,1.0022955611765316,0.4826946413579743
sijpornenmob,2.936786476212282,0.412400504316877
vguvfjhvjfzdpufopyuqx,2.5363592890619406,0.5304433804898712
ovprrd,2.5036854459391673,0.393753436004911
fqqlkatwvx,2.8120142324373885,0.551144204461882
kghczov,1.898270379469348,0.2087319388461375
uat,1.4539947470511114,0.47234679615629116
qqpboxwlccbexeuj,2.382401729817328,0.44007766871167564
xaacz,2.1976003026969853,0.35255488930558426
fgdmgsoeiejntrv,2.823781183902353,0.3079555122923834
smysqohgkz,2.681897086604781,0.48637958122242364
sknbsitnqreyndwyih,2.9698052570683995,0.4438214199012464
wwuoalbydcw,2.0252182725603474,0.3603594244573575
kmagjisbora,2.5936755965201925,0.4308458093324077
wdv,1.3577506210714212,0.4807622450614039
llshpdit,1.6106216847331474,0.4111831368776999
rzv,1.0981777194820257,0.3140780329345433
ofiwwqfbveagzxqcybolpjkbjre,2.292531434986988,0.5412332219617753
vih,1.2323996189385031,0.41378642933057197
jjawlryuavwxewxbnjvoykbcebryyv,3.2693912377071976,0.2515339519056789
yyqblvbhmrjesigjalzooxhbgrimxh,3.215449820007126,0.40687627969385165
khrufsrwzzoftxshqwflms,2.865911431313661,0.2899325030046221
txmlp,2.431346152830315,0.3239589959222488
ylmi,1.967248045338065,0.27395091745861294
trgwlr,1.6193993170818732,0.5655521724375457
lsbuhwmxxb,2.654197121192669,0.2686497860009155
luc,1.1657279036956503,0.2679513768995888
fupxywlp,1.2681212671437736,0.4925846369969687
hljjdelwceapdvajoinsfefyrb,3.197425163427077,0.351439456522857
teqeiucykwddyx,3.0507214867988828,0.5725233011909237
jpkttjuzmvdxgjdoazyi,3.1044259699916874,0.5839352148468657
awzcugazesfmr,2.945433504297267,0.2686056936860747
nno,2.5417473473093155,0.5856172488475828
pnwvqmyehynuxt,2.740416115719494,0.20261311875379145
wfgrwnj,2.682152216978066,0.5253270469934492
kdsngkwasgw,2.675531970532208,0.38983361922757
sqmd,1.5199268141360802,0.3457841952069794
geeqqv,2.4995211822943686,0.24165463466493203
rgoyrx,1.7135966938906313,0.5831130085171123
kjif,1.22495791571914,0.45817613497636805
rcu,1.4194762793298061,0.3924225884865109
vyevvwrr,1.6178177030428604,0.4393103990362083
dyf,1.0883784109253287,0.5481568049463066
htemesnuxbww,2.3881651825245562,0.530825966868508
nnirltkpfnxowjet,2.7350481660433186,0.5945796737259992
hkgslexoa,2.407109710909002,0.49319396977019053
ueq,1.0929940123835458,0.5309749507258219
hur,1.2449104374259716,0.341991601396169
ztjt,1.417834200465516,0.47100336978569307
qtez,1.5525938495238019,0.36700202213545835
hmkyjx,1.774977613902875,0.5579507003385031
johuigfoxljg,2.6828975286293595,0.3653618724770257
coycqtjxtuj,2.355990870370765,0.466435986215694
kwzhaiqbswfejj,3.2139263226741175,0.5019935111955816
xppp,1.24189371097626,0.5103090971040962
brlwzevh,1.8667633444556235,0.4455329506171094
cjqkcqkmqkebv,2.6060326356566548,0.25116029564736386
sdiuijdyrxykwrdi,2.9114926927381966,0.4137137697366482
aziet,1.5484494490842458,0.5987214807568575
wlnxmeb,1.8381878221930381,0.20888066511782113
exdgb,1.706507665509698,0.41456754938330864
mdvjqffmiek,2.0902626315272697,0.299738762242389
jgz,1.1926792328578457,0.5799933180019998
yrv,1.3511422291174262,0.43847942219347597
cgtkzboefchhmdtykwazftndtdpemg,3.168855318018779,0.505338455608709
okorkopshuhidztboesvtcdjvgi,2.949467788343064,0.5406249299568622
wszjsmhjnrrtvfvtxmmfst,1.8712426390984722,0.48931367016445243
qdxqedvl,1.9275700276237484,0.42990347133573836
rtar,1.4028036248340483,0.46101444177435696
rzzjmxjqveq,2.666243505852468,0.4221051258263172
aixiurwvzlfageo,2.89705028884156,0.3960315370619762
iwak,1.1999864988200069,0.2018426121217219
kagtgxhknyednj,2.1625247032285992,0.5814356925287254
ilx,1.9148965558615823,0.5496898774677792
rrr,1.2757948442228346,0.45951878834370385
crfpfla,2.0888125585709805,0.44408120941688933
vqfs,1.34344579373463,0.34204356994238
cgsw,1.472663007505814,0.42631898730563333
kcws,1.6854707371258921,0.438595649909043
awgmsce,1.3505679133465986,0.5420979743332275
yhtwxuu,1.9950727248359317,0.3846278113827714
uxdrw,1.6527727657631373,0.3885388529902394
susqsadedbngp,2.795121100500829,0.4516505738945499
akxvjxipllxuvfiwaq,3.332554772353119,0.5249233018784107
ctpmatvuxvphokmjcedjxuhuxgkbah,3.389051420494954,0.34469611369224507
ctipvudxzpuitv,2.8204979816035776,0.40269002904042306
mialxfcbzr,2.623697201348568,0.25091441453663055
lskjosofacccljv,2.717475086976145,0.37415349980349977
yhszabymg,2.4515257168235904,0.44481094871252513
rltpvviiof,2.552468865715104,0.3566201832204294
zjnijau,1.7792627399837486,0.24194752554411722
pehgyyax,1.7121152767027126,0.2545374599222208
ogml,1.2108033499367923,0.43900650886350445
orfptlnjlccrnuhzljkuy,3.2836820991564277,0.5424585792819061
qbp,1.5920983940373725,0.5103560430959817
yjbispe,1.9640545180808224,0.4568322738518589
tlpejfqdyqlij,2.308930196398137,0.43924916774392264
jvpcerogxqkd,2.5449141063680374,0.257973971554518
ytlbssfuyhbpwylpwckvuynba,3.0529836942900075,0.41631453897100407
oik,1.1651265847489607,0.5643759326868566
tfcsqwolw,2.2026728232353054,0.5556566928903564
mingcrxjmc,2.006366831875254,0.5332542105693929
qkuwpwwkrtfjqbtbpt,2.8626618170519222,0.38234799477833403
dzabjpvmyvbvbncucgtxainiklubve,2.471708899964085,0.5865585162747682
oalogmnhdiijvcwrjt,2.9683876268352476,0.42258197663115066
fxh,1.1296417872717974,0.21686419871984303
rnn,1.3616546320172864,0.3301770933971167
ewhvmolqbygixnpdffwtymzqkdhaou,2.518081694145695,0.5650248316941116
cnw,1.306513969604701,0.44865024324159475
dlyla,1.3228910959349642,0.2701372241146158
ojyegrxjrgxyqdqqvsyws,3.2974121333073696,0.23597314531835392
uduwxdzkcmeonvop,2.4710767695756273,0.5044662926827896
wowpyullptnddvvplbcx,2.282137424775028,0.5442343252246739
sgt,1.355388842900787,0.5221866015391626
gbycabg,1.4549134457423087,0.5836274558118133
jhtp,1.738394251976065,0.33540202005034236
qwzpxjcboswbeoyairhok,3.0618255778713266,0.2166572480814667
mfrjlgsqlxbk,2.8827242685699406,0.38408642830305306
nep,1.0481365097929065,0.5801652396834888
ivwesddwcaqoesvsz,2.8090062979968486,0.5833001188853222
jihngxbxexfintijhue,3.0601291116824934,0.22930239105089095
zyzvjxdemrri,2.4700304966778477,0.20832826835248686
blhjctb,2.397647203772923,0.3120947144335405
nxsmirwkdjhyfyhr,2.7215671163733326,0.5796499697072706
xxdkxqpdgh,2.6395409088963318,0.4220115723975838
drua,1.4030556385932216,0.5959436662333351
sxhoy,1.9308919571884342,0.5691593622307782
dxe,1.0063160082618612,0.43724032559438397
bxbfbcpyvksqcdxtyrgdtryrq,3.11500889584135,0.21923586574318318
iyunuhydz,2.1312162166195865,0.23834662845019428
hte,1.0275386371341244,0.39258280280089325
hxd,1.0003670253178047,0.5143762919357201
uaoetlohpmhd,2.198288440219745,0.40820849911678997
gqglj,1.441994931330547,0.22540218525672995
ohhvlnau,2.290174027172657,0.5578053331746952
idlmaursmzhsnaehotevsdruuv,3.1058378709668797,0.21573274279776788
zbyqdkqryop,2.05462698045402,0.2703902570858213
yyvokyj,1.948322442722671,0.5523923548045462
cjkqt,1.13403666898342,0.5588041803562986
ujmvntcmteemsf,2.911178336176058,0.31968213130501694
vzn,1.2450578806239985,0.3286716272212681
bliopmryjnk,2.612475752495949,0.2617886587358953
cqzxwcq,1.9769232817986175,0.4563514479349602
sjhf,1.5017886137560432,0.5210760427445205
eknkrwe,2.354765549001055,0.2715062799161144
rqqntsjsesy,1.8654589934222923,0.32315962773171697
hamt,1.8362333112505431,0.3956616859917332
lsantfoxpyh,2.1263725989656432,0.2192730032603382
ejdbrqbgcmmox,2.1850548784122497,0.2912089260953866
bmkwquybtqqdovmfmazmkopkdlfqzu,3.385329186607488,0.23670242536117647
dlslqzkagnadjkgp,2.592462164520403,0.45046975868696837
ixqwy,1.843212657923596,0.4450135040505429
lbsuhz,1.6062991070202453,0.5829933296619609
dosrssaxruwuem,2.144653139566749,0.5207699839487201
zom,1.346728284064713,0.28061850808612443
nwdosvlgqeyjec,2.456942618823303,0.5482139905409094
yogc,1.5082757141697067,0.26488100969672346
hixuxuk,1.8279380238942,0.5139557089802107
ttjogloqud,2.630938989192943,0.39283250304382034
sne,1.5869816120611067,0.5129942825895994
xitlg,1.3368988875712717,0.33214877625959327
kdls,1.4171709664227305,0.5846018136316893
czvcxhwjadvftbdxo,2.100088244112073,0.5745707650347378
tjxamtrjilkxnxfmlyzt,2.9913205051515996,0.27988564719225184
gblplpigmxc,2.5835958647338044,0.2225366559214098
jsumn,2.230755320154942,0.5827558672718609
pxussoxqfb,1.6950444321926488,0.5745730466424757
uelcxkfl,2.423598112698614,0.2397044111420403
xgsevoj,2.4062186116992086,0.3494876892263735
kqqc,1.661971561219333,0.25065130286819437
gasilt,1.5836397599162861,0.43833584286218563
naahztrlqctljhyiqjte,3.2330388575511084,0.49289328714507213
naqrysmysinfa,2.806147860925072,0.46056866301341676
aazjn,2.287614195045169,0.5365794013286032
ifnlkthyphhvymadgwazlwnachmhnh,3.348966538151622,0.5863734204662838
eiezqd,1.8306845846477877,0.2581093700753854
rotffftglcxyv,2.505037332837712,0.45931278475419557
tov,1.5351067042402462,0.523655449954308
mywqyasmrcujwyabhfpotwnko,3.028251757974633,0.2504778193631365
yrctuawp,1.9436196575414202,0.561627396064645
muq,1.5007125117087368,0.5560505679751582
yvyghxdls,2.669039916704464,0.5104573680067771
lfxfcct,2.8691605078551055,0.49283813537352233
weedkviznusqzgsjvknaiqsdbytddd,2.9124342707342965,0.5419268383587369
oei,1.8578051088325283,0.3765421502724732
smbpw,1.3805666023460526,0.282613540097261
gfm,1.1325531980854886,0.24171131660610468
dhokdr,2.510090211064824,0.4094115633035222
aki,1.339100130979232,0.34420809205329694
otykysezg,1.7684454016990065,0.44558252907892004
jabwux,1.7430288034396517,0.5230463421881901
wrxiv,1.9389486817489094,0.5846139563683106
xodex,1.7460825254089485,0.38559913458072026
warysmcwqwpx,3.111039364596245,0.2861257892061422
efrznaeewubuekxwdoz,2.948740403962791,0.5636979542125985
uakiuvjl,1.5529681408192377,0.278126664735346
qtkqxukcm,2.076248901702665,0.21760035437306052
uqtrtiwlmhmuh,1.5636363507539195,0.3920743741586832
xdfcuzafscuznjuafn,2.750965293335123,0.3178071658620919
xszaiyrnexdmjkfzlbqdyfkvcyyvda,3.2400187333951096,0.5647209067843233
irmknfjak,1.9897959410156147,0.24122363630776333
zjiuwfhqimlj,1.8880194553333747,0.34258871236417526
ubatthliaio,2.3447277771854456,0.3825598556926342
ubma,1.4446659512364215,0.43181103237609275
nrvgsjncdefakft,2.3551118578462207,0.5934021234041615
frqbfmhnwxw,2.3513771048122925,0.33115133747118397
vqus,1.26379127389172,0.5967665885780631
zeezv,1.3944410487108843,0.38516576135760305
fxernqyxemybopbfjljlqmo,3.0189848179787506,0.29765425953535296
sigcerhbealihaw,2.6820022814164712,0.22589318533754674
jhn,1.0178447315804136,0.5691520505030117
sfynl,1.8728638765233416,0.39159000935420796
ejcuyn,2.900400789704811,0.589003220559189
oinrhoqwjixh,1.5838385612843018,0.48354968105965696
gns,1.1953303394097279,0.42659723756922907
fnzswem,1.6698863111364268,0.30778404049251085
xfjj,1.4743888153895817,0.3117142550157786
udmke,1.192680724307604,0.34443106404777935
dpwyjpiuhqgrzeoht,2.976626216845463,0.35439945669973816
niruwvvechrdb,2.1614903980622344,0.2650403163163968
lito,1.499372180751359,0.29395752745417897
pmrjfmy,1.6900089642076703,0.2457398223076046
bqhwlvwavxnzhmkw,2.613486004675716,0.3828094227520853
olxglbljchqvjlwjh,2.2540975327365516,0.4919571986131357
fqcw,1.6519513196418851,0.3582735395409814
yoxrrmxwoldckqiwunuvviffizqdnp,3.344875495151777,0.3385376550789645
hfftfrw,1.7942539196042797,0.29291125894264847
gyzxlikuwgswqxudnaxcz,2.3911609174975377,0.5509772413578569
mifk,1.427349404023,0.2767727361947817
rmzp,1.8919612941061326,0.5395572700449767
ufymumclk,2.712066865262873,0.3628649546000245
ltrbjxplg,2.577416956164683,0.3188604047933658
gidmzzogili,2.4660942202106146,0.36920328766114585
ivwxvghnjq,1.8377068559498868,0.5089302841955355
wyqjvlsenpnbrjtdiajambratzebdv,3.1943185212979026,0.4686260341004431
lcnbipwidastwrniesbsdymaboubxq,3.2573665455790977,0.2102761356398138
iqrdq,1.120698807940331,0.4112320542922232
dchvhqyudw,2.520751878745956,0.30137835313686273
myamspltmyrxju,3.115439797565288,0.32768595875832707
zvtawkuipmszfh,2.9745768665923893,0.454799437449994
igs,1.0096158343200512,0.503455783826479
tnxzjpnorg,1.6889709649384845,0.3987343684035529
dhhfjyhdohifjz,2.982962768415793,0.503882028332461
vukltrbufaik,2.492081883752813,0.4941507053306414
qjmkrose,2.5663112859644084,0.3445703278916793
zobwd,1.4708206609294951,0.3957431123171995
jnvmuhqzirqcddbxfv,3.204936122680358,0.4448375180696724
jotjtxfijn,2.3554574301127262,0.4202847035675409
lwgjyqes,2.1632183457333287,0.20372082606454983
vlol,1.7628467642638967,0.24466135242313225
zsuagbpdiq,1.328255097888972,0.5752786151371055
kuvygwmcagcykklhajyorc,2.240987377137335,0.5353578502457655
nwr,1.0053634078301381,0.4813190047791046
ctq,1.072876272592397,0.5276390781991043
kwljf,1.7255080783500967,0.2447656509324083
nauvogcadolnrwbw,2.7514800894044864,0.48661559766619594
xkhyk,1.8572187429596818,0.4313066520065163
twx,1.338974873836885,0.5460678225339346
fcmxcrsmbfakfyjfuhy,2.36023365531618,0.4815682001035931
gnql,2.02287557326986,0.5688315121958785
sfuwtowwjwhbmadx,2.7083837120140393,0.5255741364919038
cijmqilebwyphakkqcvqtfndnfjolb,3.083828023336019,0.3825221129167202
iebbrfyyjiglm,1.9464908838680244,0.4091034840508951
sksyqpvjktozjjzeddzwt,2.7285437949984743,0.4985712805269875
safzfuqmysbsriyr,2.7348225238440422,0.48791269134972964
oxb,1.2721138227269446,0.5695566255157287
zvfzgtiziwmifthc,2.6900887931715634,0.20625642911390496
cgpvambeifahqsl,3.1311940306674764,0.4732905479341852
wixyfjh,1.1577241455532266,0.39235654564689443
zfeqbgmzmloo,2.372347764216552,0.4492431613578114
icks,1.5968013275424795,0.24621768451207077
tsbmypgxsjpedbjuedieuzecwcmvdh,3.3973231338678747,0.22795437479448438
xfsfshmdryafpgskxtoird,3.24080920110549,0.5620989334871271
hcz,1.4195585653459837,0.4216236074464694
oqqaucusaqptvbesjljgembupyg,2.7422235999370503,0.3697752588928007
xqisngvbc,1.7849012289225075,0.50014360160092
hfptykdlgbppwzdg,2.5906645857332107,0.464289801623812
jru,1.6288603764762764,0.5903134816190547
nhlrlah,2.562083006707444,0.5995658404166258
jxdcfzejfpovqlliecqudjpcuixcky,3.029267922651983,0.4627504075820513
mgw,1.0539288193072331,0.561590074616332
ooysbdp,1.9857941738927216,0.47259302176402135
mzkqtqymtrxxpb,2.5155573707923056,0.49030315518209905
msaiyp,1.7901660237600583,0.32703886501430346
hxgfyhibjoaerdueablnh,2.8304697133595047,0.20487780242029321
bekfujq,1.9297382670088732,0.34032513534633174
lbwahg,1.6410243744185182,0.2606446400447315
nfhzd,1.4311461367180314,0.553492348198551
zckq,1.0790486342699641,0.34167713476735206
ahwspdswvquqltwi,2.9045092755456796,0.2375585851474011
lirjm,1.6358372298833452,0.21340232930294736
wnzmoijzbo,2.4431547389152257,0.33320112047657363
kwawzdcpfd,2.389802404181774,0.2669214262142428
rqyumbrzgdvxmtrpblxnekixkie,3.2591153280149796,0.3959673120043996
xetwhjnywwxwkoxkhkyzr,2.960318621460676,0.23892155541596194
gymysnkjcvkdmxcqh,2.5263405390371867,0.5571128350422977
akhrrnhvxft,2.1422861051495508,0.5288083302614095
nbegjpvjbfkffspgtg,2.883632012234782,0.22683470767115402
wudhmdyptaaveosauuqzgfcquarqis,3.3864670110586617,0.20622310550162926
ure,1.526729814556047,0.33838232756322306
sbjeptjynklgmrtegvxdazvmzhwlwz,2.8735888413165194,0.48887271395384696
rhr,1.0387074179047886,0.46866412142476627
jpbucb,1.917463233990139,0.3614027199041698
vksgs,1.595213815050632,0.5949794612564522
lpmponvgel,2.1580417721617513,0.3614723503589305
uegauzzkptpudkaaw,3.1327367201091736,0.37293247805717983
nwnlblcpatgbeigyzhuc,2.7870105408573354,0.4801531162497165
fkuikycudxoynnjnlzpuidi,2.9579066162539025,0.5961323562974334
zwnueyalsxtipeckbiv,2.3214341335495656,0.3903193833851719
wqqqbgchdujlaydmymu,2.5518605468230855,0.3557563355153277
wmg,1.8726483157319707,0.5713316623748118
bwsph,1.5764169803569987,0.41357763437373685
xwlfwpenhiigwmqbtj,3.152851470632765,0.23611027174990284
skxwzcjfaneiqfrdkhahexbrewqwti,3.137765482409608,0.47387597564382344
jcfsyetqtyssqvajyfkgbef,2.6875257730187823,0.22294180945561273
dtxyv,2.3484865165474123,0.3343455508130545
pnpcokeqtyi,2.5837763243580474,0.3115135133644868
nyhzudq,1.5541474563948228,0.38115167782512593
ypfqjolmpbaqnycgmveheppwvsgdvb,3.1845714394266462,0.44673835400350737
tfgvoctxyodcuwrbom,2.643120784026747,0.4552528002988541
xuxodpccdlsndjwyzv,2.807505657418024,0.45218389353510574
cihho,1.624799284413173,0.4244535754922869
neuf,1.5335763445526038,0.33812616510213933
ttiddgaqgt,2.512836347623349,0.24472201880316835
euja,1.4370664556041417,0.33373279664526617
gpkhxcgh,2.322191081586043,0.38247327966287226
kvcdghq,2.195857982922167,0.425115638748765
ikvchjb,1.923970983713351,0.29208284069229623
xtfkgtzydxrwiidckkilhfzz,3.382240694834625,0.5092538609848907
ucagbrraenw,1.9060431811497804,0.5344046485315177
dzmxhzzjszbvfaacrvflegzuunhhfh,3.28840557726918,0.5341724014568672
cttqhafcv,2.5752607829974963,0.37804294901157753
zvbwxvkqg,2.353898773322512,0.4954085099306083
ghlseyicjshisflbqhoo,2.778101930605912,0.5910399953761363
sxn,1.228808721375987,0.4126715137665756
radadijuqpkkfqpz,2.5685849401343663,0.24312912964740596
vqvujptac,2.018923191910603,0.3901273562099976
gvkxpnvsmbaustxbqvglcw,2.8750698663445835,0.3100159369388764
pnmlhtqukhvirydr,2.4367888702869758,0.2882754424429345
tejg,1.713765194366327,0.36330761358414726
bmpifldqgnbgpvwpgcmqglmv,3.1977695735398477,0.34993177718504787
kqygar,1.7787488443852322,0.41838841318341935
jpv,1.2756897495006727,0.32246778997321923
ppyichzzy,2.343253836666644,0.26963757898296603
uko,1.5494891454113953,0.39106366249943875
dyvaxnutmg,2.4499414504482973,0.2023710219678991
dpiuespw,2.9281152156763803,0.5424115743495386
qdlxzmkysnrlcjwjhtmzzdw,2.759896543038379,0.3394919970669606
mznvxwl,1.6387632466589461,0.2520968050601135
oym,1.53299449346773,0.27999188013193166
uatpocgutuporzunivpey,2.7700390745265087,0.4161883404053811
ctnegoldzqyttq,2.186205270263577,0.22054296544459628
jqoumzyczbdhkpcqhi,3.3200988664061395,0.2773038495290773
mmxoilnvp,2.649046383195776,0.24697333820811723
dulrcpnll,2.171716417015057,0.37857943197389754
lsfjqoqzjudekrqnpqbhdqfadknnig,3.1443644403069038,0.5637928236529701
ukzzkdeik,2.4034945389127937,0.45711660093593276
qkokxpsxlfvkpjgloltdujhctpkbl,3.0223826236686486,0.35735622199109324
pvwbrbftlksqikjreazbe,3.211447685365591,0.31357108212171786
qnsufkiwonpjjef,2.7296407768435156,0.35396921659033864
teknxonnjm,2.1015291100396025,0.28444358015714477
wglawhfcyywaebpuuwxvehdqvjxnzu,3.2051912641341636,0.2646704439357931
ecgmoa,2.52178715453812,0.5865834700961957
rie,1.0435178873637283,0.20668529964880042
qoop,1.072307612025263,0.4102823928859251
rhtyaxzmgufpgugwfupjpvbue,3.0838315454593066,0.5987923070349336
xpbuyiyyytahx,2.2913530479385247,0.4979284036472656
ntotwv,2.198663578682579,0.4885659428719635
ulyxouwop,1.1355988319225532,0.48133234822906873
abeqmdfasbaofcldkb,2.146433831120606,0.5596149557062688
miawlssszytakysgkqxpvrmcnhphes,2.941806215049553,0.525053589832582
dbthsdwwnh,1.8532958003153759,0.47070113418691834
hlrkeonikaziaapnmoqq,2.6225314997526414,0.42394512061780387
ndmobpbzvh,2.5874754939658056,0.37300181257792525
szqotqxhazvfbdhrrrj,3.2255569545848597,0.2289786527116695
ksff,1.53243081239119,0.29576344963875634
rvys,1.4402916066819915,0.25336580785821405
xbclpkc,2.2001759156577543,0.4353612354946108
lrkx,1.1105176686942793,0.4187954120112835
aohr,1.543378489740195,0.579247232796748
xhmnsck,2.39103358817374,0.26690444336658153
mkiwxmmyuxfowbm,2.621914996375418,0.30933076053799186
jlwtfkwwcuiserdtnnxwdhjilonuei,2.501792644542729,0.32090748457384916
drbpwjgppcjsohav,2.93547418463428,0.4932182858839392
xuhwrie,1.5437564381097517,0.5736311727257408
tpymvk,1.6388388190147891,0.36848435564176263
xrl,1.08965352918857,0.20362887607793564
wvxj,1.074284731909442,0.33846158910561047
ews,1.2059610226236959,0.5669290451454029
thsqtimqszerdvbjjphli,2.631529702139063,0.5221401863303776
jbem,1.1892776468478896,0.274661317296023
fjuifcr,1.7746870374170858,0.22960974536209502
regraiyzzdmk,2.27793496907731,0.5195182900460049
cutaolaljdgouvxcqkrnwcn,2.945312043235986,0.3481144769066073
vea,1.145049066078891,0.3337336848996321
yoxgbtaxugfqv,2.2827940844584234,0.28936887665138167
guz,1.740450447918115,0.2844115191717052
zrtfbbtwzz,1.7548815680738379,0.4195778344530141
lihuacf,1.4673647123942135,0.444646778736567
pmjwmqq,2.2857541742906484,0.5224716823471727
rlkgenbqzco,2.431159935469898,0.32594784326090503
vjubnytvsbsbl,2.558788457974977,0.20997636446710546
tzxstsch,1.6326168676169415,0.5359006525868554
tgsz,1.6683599620516092,0.3106334168145381
ezzhesxheyprwaps,3.3708970917390975,0.5572152470044036
vyqbqkhhmfsqma,2.296620373730841,0.4636580010369923
siybwwwkzom,2.857855027689942,0.31824962298171083
nzougaeqhslipwlwhtig,3.2623257861167825,0.3760846783601962
udt,1.0892663559942402,0.329663660355659
ngkcarzxm,1.9197255622074283,0.3524355840821911
svedu,1.8554069999929248,0.2916438798970876
ksrb,1.7338257966879973,0.4038895079641391
genc,1.3225345773164967,0.5399796607035523
bdckrv,2.1665888380312195,0.43504402918453294
dqgeol,1.1877899975473973,0.4338940216674904
vlfr,1.0342214263706588,0.3739633923679555
mqmfcy,2.2025778560835034,0.39933853099308636
jzhisgfsknhlchcsvwtcjowlrscw,3.211820182209332,0.31446880152035966
cmk,1.2342727332017107,0.5804265520107685
qnfnkfl,1.9422609823018302,0.35309025719238385
okkbkyatcrrtyeccdhqvgarouuvohy,2.898560911876764,0.37475728317040624
klaksxgph,2.718442123755689,0.4800678086838726
phm,1.1256616345649442,0.335846893476002
smrfhbifbtm,3.16812883789174,0.5405558849297841
uqlcwukltuhsqdwihbeyeiqntag,2.253526825695821,0.37151552473848626
lrdw,1.2331818933937893,0.44952554774351916
ngwueztvf,2.4201503425811906,0.21938846300047565
vcfmdgtlu,2.067613348682605,0.3059941221598065
kjjuniovgy,1.9768294125405035,0.4349622290717098
wxzwvw,1.6913780105106513,0.30225890931390215
lpb,1.439157807688292,0.2974946645477702
ekv,1.3934546639763543,0.3037229982677
zidhufe,2.130760222248239,0.3505663409385232
pmh,1.0082913624289052,0.2987324933481449
leatwjbkwsfnmp,2.4972953629254597,0.22871808751850575
raq,1.2304615795691793,0.37225725468881543
qljjx,1.8100988005948477,0.22592312402203896
xzkrxl,1.8905028350773767,0.35767785547523995
oly,1.6490568393668146,0.3748063021226393
dergpvswxrh,2.890912765991681,0.3091130817980965
hfwyia,2.5028490685069045,0.4577572590101339
coy,1.4414876984374356,0.44424936503072965
rda,1.2183297271372302,0.26107577470928967
hqmfbgbl,2.2735991646717366,0.22301524302286682
xhdfclfv,1.6708603170499274,0.3809131363159245
xinvhlmzltlzjkfslcfrxfdthfdxzo,3.2387578780359254,0.5170267937945996
ikss,1.4719681953826114,0.23158163097073337
bicngxfxfsxbuhasoxbcddd,2.8715539401086465,0.3170815768047519
hjhhp,2.2459569184630777,0.4755002149327335
quahp,1.750888457399961,0.5852918912258473
iezirjholgyfckfebzpgaiiiu,3.1907573238512925,0.2619255373500216
syjifjgwxruziopfbqjioun,2.4583682118971213,0.3313896678663097
bwptidz,2.010280277482061,0.2939279340296269
zctdpgbkiyjntsphilsabbpvono,3.3876599390516806,0.5686197450357819
eacmi,1.403470806051952,0.2956061362595227
xrr,1.4143058481715545,0.2197100372546061
lcyn,1.8857864463000484,0.3935373162849673
awpeilvmipfznnhhrycxcazangc,2.9303077573638383,0.22875028179047813
luaeqssnknsfvzvv,2.5175179517981263,0.25856979129660707
oylmm,1.2655167707119799,0.4475419755433296
qzabpy,1.9691820445065882,0.3363366332949368
eclp,1.5334294310001302,0.3232616350181178
hfb,1.077047084314831,0.32154715395765016
ueklx,1.7422962102174213,0.22817107321625102
rsuwa,1.7457068459020426,0.30216695060512594
mquqd,1.3407849547737016,0.29170805781802034
cfodaet,1.4211307490738254,0.24940972367293088
tmn,1.0717456851592855,0.37461789937446366
hhdtqxqhj,2.1798709384583264,0.2234243913745813
psxvyweuijsklhajeaasbdezndxgfv,3.259110882317658,0.2903966264384243
yhqcd,1.464152404722435,0.3417678212763683
hngmqzmnetwlep,2.5629990676480006,0.29017614945586184
udpzlxuvwq,3.2559047157512064,0.5785358894830086
clpobdjkufjqbkfzbrjex,3.216202042466854,0.2768185785427704
krjiuac,1.7643559547261805,0.5824333240751718
rmrbgfojmjcuvig,3.2146059817655166,0.3427899866172276
ptorrmypwtsrvdfgwdzkfu,2.656847223191508,0.49456509290799716
ixe,1.5397410987921822,0.5261721518213976
eextshrxanhmit,2.9483109549468907,0.5492067016520976
siopcmtw,1.9289906091075442,0.4730157359729668
kdju,1.1977942136753916,0.5750347598139516
kwhfjwckj,2.6941024805309777,0.4644363361524303
vyiliznz,2.6425611063817516,0.5824063934333323
uqsz,1.094249812308348,0.3951694844762248
xxsxap,2.18648170278606,0.5496241429589899
nfrwnqzzqfuuimuu,2.9045459144904004,0.485679723800868
jqund,1.973493627581167,0.367717477222293
doinrezcqblfbjyw,2.549123559924382,0.2482668196628143
ucbixyjpnuhclyukhbavfssmoxnz,2.7325668575355633,0.5053261219552663
zsxzjbsyg,2.201586995154746,0.3392431013250143
kkoukkouvprsaghbonhdsfxpirzuna,3.3519631088702653,0.22835233385610218
uflesnhacmbpdrr,2.4818133788361156,0.4744227998845004
nmtjoojtukppqvstleyr,2.8287815140224066,0.2536997316731151
kcxuafemjccwidclysaviluweh,3.0849928698222144,0.46356619378443253
tcvylgqdkruyrtj,3.1036036136880725,0.4072481970101648
xcknovlkhmjru,3.051235794535345,0.30254366306301794
hfyv,1.0658736716741841,0.3249893629882967
xxzgximjq,1.9378880308694852,0.4674435882300692
joxajossedjodsy,3.2034472602709783,0.5194172448291521
qzdpf,1.777899675405484,0.20427846027104396
jvhyxypczqgaj,2.401252195237678,0.24670935389583792
ogzlfctekctivzeeuykaozyjiqmmwg,2.7593600696321756,0.5365615831372565
rqo,1.34740762705773,0.5818975785991191
erpfxtip,1.6979926623320782,0.33877001284177716
cyfixzdgflygksme,1.755411162211797,0.49781554949391643
pkakzjlchtedkojhceh,2.588988223953656,0.3430672617515315
yxxatnvwedriebnmzwqc,3.0007236983626577,0.24544485725622456
vhmgj,1.5037354627010404,0.37986509830985127
vvgrsp,1.3815118510383853,0.4245871006181989
psdbxswldpjm,2.321671110189329,0.5645527422167933
qasz,1.753927132067615,0.24771474324750678
vmazq,1.690752995778186,0.2778747828037938
mxhxp,1.5785242349837456,0.22860848512370446
xisyx,1.5184288390669383,0.2715935793786016
kpc,1.0026778812670167,0.30053693726805064
nnybedqytrjrezofuisftommhkao,3.290449318346456,0.4980248086576931
jvkzcbloe,2.8448714699075546,0.5907669980748247
rrahkkxdxdzhryisnvkmjrbpnm,3.3053646047858565,0.28478244130785113
eyxuxmlwfxemjpkuz,2.498615371703566,0.3549515735430294
osflgzto,1.2736787509888197,0.5962330583250572
fsmrg,1.226980588958052,0.5908137002363744
ojujr,2.0584348080753805,0.38902372144028596
oln,1.117654386878448,0.5698254780716543
qut,1.3654062543940226,0.4283785350476137
wvi,1.0802811115085726,0.5583228849697529
gtysmbgq,2.6064417858620375,0.34261350757533454
iehkfxfwhqa,2.9187388402936536,0.3914438549923789
jisjpvobd,2.0759137240191556,0.4401262865195472
xzwzb,1.5049312679215352,0.2503703981731374
tjgqgfxovgesivhs,3.2591733683174686,0.5556013155840678
owejnuozwgzejdwyjr,2.7716936287818763,0.4463575394961323
iuvjyywahgzdiombga,2.8643187846893445,0.20023330707774073
uuwiqmgxtxntfjrwx,2.9451242821324084,0.5626176565912351
advtlxokroxlwcertrdgisxmjarwdh,2.884178446790221,0.43968248460889925
vhkkxdsgxdkh,2.686172758321222,0.22407468927574936
ehwsmdqcotbsifqrbfsbzjoyuuycsm,3.1443998644663194,0.4301961933908728
xwvzaxdbwu,2.128292601642542,0.22331186794032792
zlaopqfyqouto,2.482642944520002,0.33573980227142897
xdmovzgl,1.9866298527817088,0.3161786891186263
wjrbcpvjh,1.649489668827176,0.2559898481014021
golodsiilbuzfongcppbvnweubvros,3.0685760744521215,0.5059074948229352
vcayaogqfos,2.5085066771192097,0.4056063559759304
ggp,1.4371944859441903,0.5693866825210667
oez,1.7099340107799206,0.4605322661540034
axvtvlwbf,2.3645477344258063,0.5818603631469947
ngoleyo,2.3969928515045678,0.5008920187759418
bmp,1.5077501734248986,0.542002859374325
vqbonh,1.532498391363469,0.3597636661421777
juzuojocucnssyn,2.5647516507046966,0.44707829325892406
xcue,1.5660290730017845,0.2080896256953002
omcrcmyxjyzv,2.530723086504689,0.45067065982576976
duppzwdlbxzfabpxmr,2.8375283572447323,0.234360710277869
mduw,1.6672334924068333,0.396214141768089
scflxbznfetuk,2.6219794372354914,0.26578947609736114
aefizrqcrbwconrpwwjoizoctjfhjd,3.3258998565014273,0.4353903476303361
ftvxigbyfwhpl,2.7072213916517365,0.5824320670640616
hwyhhydadyjarc,2.3579681161174255,0.23811261716984375
gggccy,2.1547654876215727,0.4294799728284687
bhlstcvpqnplftcelphcfkjngkcekx,3.0749617370529427,0.519788621835651
zrypunziexwjiwcfwms,1.5220341168932383,0.48700802879925
yauwdrtzpih,1.7102779758896283,0.4099547777890799
dpi,1.0907422473915787,0.3467637863067502
unv,1.8497283327208487,0.3054254355442913
olor,1.1103600572423054,0.4425729220244322
mmcvevqhzkqyrkadyqqjxixjzvltkw,2.9251702852264554,0.5482795758180188
wtsucixilactgcmlpknpgtwpfosmvw,2.611736420292905,0.5588357147819474
jntzxxyzycafranwfhhjmxkplbtubk,3.1479334948292297,0.5400423142346358
ipkask,1.7201616909990873,0.28792409302832234
ivvqsn,1.979778267402657,0.2476589592215663
dnsqtrfakb,2.7707156077973405,0.21370949231420264
bduitvogafgd,2.599644424276172,0.4785799714369177
lmawt,1.497045589661579,0.35813970841360404
qvyhgg,1.6218752020486247,0.2814422696922892
doaevpkyohjhk,3.0198132112328473,0.30900924271854235
liqrsyuuyl,2.359433062084154,0.43178223408526034
ykrsnivnxgsfvimg,2.864626489663739,0.2629279250651012
tdxhemrng,2.176602191689315,0.28332609603002795
bct,1.2952077634715509,0.4975760736183765
ndpdlccddqkvgtrptluiuwb,3.047941676083449,0.4200025640392513
coyg,2.0455443872854318,0.5666265392606726
uilfve,2.0122951128597797,0.22775899403575203
mjpmwwbrjgbe,2.642208312588627,0.505267169923469
rbjjphaynfqy,2.1617221301198124,0.37826968377780645
gypdq,2.3398311880062685,0.5295721120821615
kubrcycrvhk,2.3289107302425487,0.26786567338435163
capvdwqkwdypunrvisflrvpvpmsn,3.004187126460447,0.490563625481857
racvkwbsqk,2.2922451911444357,0.49265840961085156
knfahwnc,1.6021784734585354,0.5063345937908765
lfk,1.4049607604656797,0.5650042633547174
lvghft,1.8015328728297368,0.33987768789664496
gwlkkdujtvkvo,3.1443650885817753,0.3406448390680251
nqk,1.0276726413323192,0.46807136057950505
zhckqscxadxo,2.2375474393386092,0.27390843521178604
qroihuoullwjbadoksj,2.7903420259562726,0.46346698721676305
zoneh,1.6026640860915553,0.5756886690131822
ilqhuablukrkkaqc,3.28205831284731,0.5506869500489887
pksuraqhpukngijzdbxj,2.941609449065527,0.38145090139240945
sknzqyy,2.093383932137271,0.4379993357612074
rgicxknizzkcods,3.322776705767533,0.4372392764482379
zuolrmltxiqrzfuvqathgkmffmvaxp,3.373266413777613,0.4554712875967604
evjzwnilyr,2.802174608612999,0.5989649281050653
rslkp,1.7425490448617693,0.45846340828553106
lodir,1.4976237075178669,0.2810408228841784
wedrjiewusqvuhbrsrdbeexwdo,3.394004481329155,0.22178113806367905
tkprr,1.6215672838706685,0.3440076827357934
gaqoteqi,1.9191574986851756,0.4230964861541203
hav,1.2023814974765745,0.3053607640114749
fokowc,2.00787166580707,0.5623282878480191
vxcb,1.926737002502089,0.4193880213129996
hzyiuzkdumjvisie,2.527579679788314,0.28862101208215507
anveuzakrocstrt,2.8603352024547957,0.35701320114896873
opb,1.6275133419006493,0.58355088536626
ehvvvb,1.2327301132745625,0.42031158639152877
fxvtbhfssvajhimgpzvjqizod,3.0467517578625625,0.3624913045593523
qpti,1.4116158646316626,0.25375338053579294
rddshhllnvl,1.9253896068811538,0.4946329084228431
sxfcimlecwiudwtlolfylygc,3.030880627639372,0.4747110136454418
xfeaqzzhzohzkive,2.718791932914166,0.43354696094120826
yynmvkqsl,2.1085263746126808,0.35280054332457145
yoj,1.172324074813535,0.5869794155139882
ovlnflbxpbisznmgqpquewurzfyak,3.174274521703605,0.3475543180051365
hqqm,1.4773228690796965,0.32235734228131535
nepsps,1.393293523789946,0.22813560206299144
ihhawwnynkyb,2.92267153969512,0.5599575380963508
xolujdguszlolnpe,2.9212626333985154,0.3068819181962574
gtcrbmzk,1.6718280184114205,0.3101745730017567
yfveseac,1.6540860008163172,0.4258104814300633
imoyjmlad,2.099407857416975,0.22806727282811234
ncrue,1.8523772898836421,0.21520646889261258
dtjvwrrzebaciwobxjwf,2.651489448783794,0.43519853144548193
hsy,1.2154212231539903,0.36145786548925907
laisqzmmeiib,2.814740129680433,0.3316855894538838
daycjpurdksb,2.7789612277658953,0.413632194276827
phrim,1.6559676496149138,0.24245327283182158
kgw,1.2050400121255038,0.40376038154172567
tizpj,1.522613939612142,0.2657601404999708
qynyrdtqya,2.4125410636114655,0.26323807020797607
kiklv,1.920450104701308,0.349535442381933
ykbmhce,2.176507478890325,0.3970908729124194
rlbdwelj,3.1237098695488066,0.49872039723139727
ksnz,1.188358950811503,0.4159105866546504
vuk,1.095250539858435,0.3537845971803947
slb,1.4767196933378717,0.31475341455242195
mzr,1.5254249129409252,0.5544671748606929
ukkdfghgxektsimiictbb,3.220839919255929,0.4015646390167297
ajgstbzb,1.8038990096322967,0.2785561102418498
pcfbhydjgtniz,2.174073656325053,0.5398547216786922
ecccmoawgwfpjqkdkx,1.7489611221549564,0.5921721890088775
miw,1.1886777323958182,0.2815625368121427
hdmzqqxfzjxpqiqlblsoojqtlamnkz,3.3379858363898416,0.3178281721936867
ybcr,1.8321917100398792,0.40479320826542475
zgssoymgdrxrll,2.7271246164574046,0.3953522270711396
zfynhjagqqwygooyxpmkmsuwzuzfyd,3.100388611625202,0.2614869955427423
ztsylhiuiuybqlcymnmaht,2.660553548678645,0.4308345868539457
qmkups,2.244232138461611,0.5526412900993821
viuy,1.1547602906642553,0.20602656076650097
gpkvqcuhh,1.5395928548951157,0.43595396227010574
aibkkqrqwrylroygtjtyior,2.582391631415539,0.49414691492892804
din,1.132262728938221,0.3022281257019447
aixby,1.606963069492882,0.258667695898687
voeesli,1.7041156744935817,0.3513573987785426
cffxqrhwkaxjqtgvwsefithiqo,3.266679848064106,0.5776790141767161
atwx,1.6972106304763033,0.4141754348176389
stwztbsigcm,2.132300622028346,0.5461290777378712
ndq,1.132527954636376,0.592810129707427
wbonwwzcddpwejwddsmepzhwfjuows,3.094862076354544,0.4746186056781989
ggrg,1.5365925871133213,0.24422646201594433
fieaspswnw,2.8014266832679997,0.2529048752427308
gizbhlbh,2.0035658920376855,0.2366345810890929
rwrlepo,1.7190156159648438,0.5211422935265522
sfeutnwuaj,2.212429490980717,0.4434090923185121
fvwahvcnsbzuetbja,2.4125675530990534,0.4610581997864098
wvjtngcwlj,3.122066795495683,0.4955442787933004
svd,1.0448133682440974,0.22457286979987995
nbj,1.332235998913022,0.4721892606447123
zshqaxjoxnhpajscvnxqgxwwfjkwqa,3.361247627801557,0.3689660047596113
abnselkfdkvz,2.5719352473602397,0.20143976789295645
trljahtplvrpwobrfkspks,2.803971604769406,0.46757129257197
iuc,1.381306254475964,0.38169912182009147
jyjqcaqiovqeue,2.6025279846787384,0.428166133518209
fxhznz,1.9676516618725528,0.2981175893477751
ckagogkmipuzxwognmxcfdmkninjow,2.628195718262015,0.5451836923537907
huv,1.3064663504277048,0.368356691867485
ovmpua,1.5633480629582674,0.25205968049377286
onohlavqpsilsifewfcf,3.3010987186767777,0.5935539115841177
hsxewbjdiceqwxefgxpetsmaueddoz,3.387695658984619,0.3741797924660387
wynra,1.4170988587511242,0.2560359063034793
qlsikgfolkjkcjjhnfdljwc,3.030908064583612,0.46156360273351554
bxzzved,1.9008715963790688,0.35020817647450014
vkifosmaoqbwn,2.1916998338426152,0.5062366395436568
rnfnzuj,2.1565878493991777,0.4999047478569726
qnlkljmacwl,2.7096660180817915,0.40136780353075463
tciryemoinka,2.3829053122041044,0.320109247324309
zzkvzjipqrczes,2.810995810425165,0.26994138334008133
qsrxiknsboyoflmb,3.023281166731113,0.2488962752957057
zxsizzadexpoherxpuhka,3.059014132493852,0.2880247039770969
avqesodbx,2.6124710400974447,0.29372483484106215
kiwqnwlckjtmbgwng,3.056947739535993,0.544736825883374
qayeik,2.5861779495935364,0.41883586556499164
zlzcyblu,2.5404171605709056,0.23553677727175237
qnzhbgjwh,2.605269973048836,0.30961529021212736
ualxp,2.1264143699689493,0.5144802782240909
wild,1.720503457203315,0.39515717425799035
ijx,1.1000429124734121,0.3336097769210766
wqyik,1.4187616542227086,0.5589687868229463
vwwkrjpzmumzyjcqtujcyeurymagqn,3.2914381830412016,0.5434456120674207
gtuwagblrdtoskghpvgcjvmujcmjdg,3.2789742103411186,0.20471922918454305
fqq,1.5664416212492185,0.36115620214554306
pewhsveamvbfix,2.832386747812847,0.32978471600635817
fokkhfuvhpvomyowhqqgprxibax,3.105959333026278,0.47827802441424894
ewbxw,1.335566422325272,0.35144104795851644
syljeorqgcjfu,2.388015582823166,0.334092870366159
hhpstvpimbqffepsbygshpxpphtxem,2.804662267689966,0.5055959068812796
ireqwsmyjcteh,3.1438519644664806,0.5760194518004436
dxdn,1.3324060530433608,0.4409645083119642
qurbj,1.3743532343957217,0.5221994567798749
bpwz,1.0594995090836759,0.5271810462998728
kfospivemkz,2.2208717200519614,0.2489945671092027
nrujnphsigqtypddspvrjy,2.7809225027610065,0.5484445897494008
pceswizzhwfiyhdnrotkgnres,3.110696336538814,0.3206198326788969
vckllyppnqeb,2.865787431636603,0.4425455924015228
mcsgxlucnsvjcjubrnc,2.6121629546951297,0.24733743887623227
ggu,1.1356177551101327,0.2967904082000107
atq,1.4226252565446054,0.4647114353126682
mkudlnaerdxlkqraxkqbuwo,3.0994358026008166,0.3496532779513607
wvzi,1.1143543951713382,0.5039874016570918
hrroasbyefuvhlah,3.1647473943568887,0.47701608643501303
ymvphev,2.025212625091595,0.20446185853647064
enxldvhlrvupgncrbbigee,2.2546089219708016,0.4837313678162722
ygsrxiljalghemeenae,3.231500545314649,0.28629118764228656
gdkkvocqjsp,2.496317077810427,0.40756899193565305
fazvgfwmyvxtixtdwiydgriyrjdd,3.1544105266564317,0.22568893398938872
feclzcpfp,2.4337178298032214,0.36042169997053664
pddp,1.543746496119601,0.42962046108105945
prs,1.1675638487197273,0.2957454269861274
nchdijnetxrp,2.1328267303515824,0.5854028625803147
yalqrjzq,1.4784815587486881,0.33120021101950703
exfdrvjkek,2.6116058728126657,0.47584358496361956
gtybybjhxujaufczadlcjyu,3.0907274037893986,0.2211854259100665
sjqb,1.5035935428006262,0.22443203227864683
peqy,1.3340546254969237,0.5734441435972675
ptx,1.0599117144447425,0.5463127306476183
hld,1.5420848033047578,0.4907223168462101
oama,1.1623590326623667,0.5651883594276055
eyhpiyxjgjugbazrqzslzl,2.4376380043136017,0.3496036596533149
diyfpkd,2.225842008817234,0.477955039916792
xjkdjubsqwhniektbaqnjsienfeggg,2.5579105342394346,0.589785082088937
ramfwkupleliqsmpprypoggtedzgys,2.4169338280271093,0.5305314065169214
ewlerft,1.1005324745117573,0.38108407803015654
yrcnpwz,1.3259699443737576,0.27112823517954593
pbcspendhgvzpdaurbgtlqbvkqtfqw,2.5651891669230453,0.5849509971295208
jtjw,1.5485361196648249,0.2524257941708714
vijhgowluyoigge,1.9431016562010721,0.4385486819757968
ykvtiu,1.3656186563495833,0.449058142889329
osvpyuwxarxxqyopdbnfjjrv,2.9400717258670737,0.4856255346497809
lzt,1.1932540909010394,0.26705113177552453
hiwj,1.4377343813907157,0.5054401167835922
bmv,1.3987709975544163,0.459150804964764
cgj,1.3018387696764717,0.48269381875393624
jkq,1.5607906365679374,0.5524101740090261
fpobkhbpwaykfbct,2.7128822024659067,0.34848551309617337
hpngbhkpsdw,2.470010120382513,0.24376824437773714
dccdmojn,1.9155661695251625,0.25633922979544843
uwbumeemdbcnkbbyrrkwcabtdufhkn,3.207382465397027,0.4046217036751183
bmnwlqbzswdm,2.1734544981371746,0.4682123441081527
jirhukudzizoshlpyunetr,2.9857554664974186,0.4175101106816813
qktxeljulhuowe,2.8646229471843165,0.4475844722952264
bpumhmbvqjg,2.5589810323126554,0.5166467929456977
hohttzyckdfvmeyfe,2.9324449927721647,0.24596581890314428
ysklexwsvaemhiuewz,2.732088994984909,0.5887868840906251
nzyjqfibzjzcaaecua,2.5394457327307354,0.29131526396449786
djgeim,1.8096604471476998,0.20228988103575968
pbbyi,1.178826422458953,0.20604535933829526
aaqdryg,2.662878671509396,0.3046813240281998
knazxhc,1.614376800298502,0.5384101705855643
kkezsrklnwjarhkvhgwwslj,3.3973046566811878,0.38045026405373455
wcjntutsok,1.6141417539221077,0.511154711123012
gpgby,1.7238517027617268,0.4032922148301453
fxeomwwsr,1.3868475485269487,0.5634764364341907
uehddh,1.9643324599092031,0.46786269396242136
wwmqncwpq,1.4121583345378192,0.5606352653942687
nloh,1.816562364292575,0.5552017340366703
qdkcpjzyzmwkvhoyvimnuyj,3.1410324739362494,0.25251022216896946
uqqtrwvokiqz,2.035307790440916,0.34937680497383294
dotx,1.6857240166218825,0.3241663917586395
ogw,1.1363085473006485,0.2802651082466928
fbgpsx,1.6311625479677172,0.487739010401477
zxsbzukidrv,2.9269170724415083,0.5133375394746525
dlolgswpigvihdn,2.294734666059263,0.3410394567197178
qjmdve,2.249831049593734,0.4817662154461503
bgvbhutymng,2.592108713405443,0.5595212022543186
zcyyjsslr,2.0486581353060105,0.49708323322029146
bsuv,1.9019421021205596,0.47229089054171985
mfg,1.1327441600569015,0.5830944256188892
aedicxfsfbyzjpsfnhwnyzcxufcrfx,3.175846909785761,0.40900097631847626
srjhunzmzusbyxtutfpfqaxxgwwlld,2.7621481920179995,0.5747743761507988
yxy,1.5591858256494326,0.5471328825321284
rpnvybvz,1.5105218164304794,0.5766955670455236
qag,1.1895308276476608,0.23059956061803502
odnrjvssuqdfhehlziykajhtv,2.891892779214736,0.5466512952332865
kelzjqqpx,1.9937887922301534,0.399785582873034
cibqv,1.7285923174218838,0.3499668250871726
srbsymfdkdhimscqluguq,2.6191377559790636,0.30343502305109754
kfopszoz,1.9895206446831146,0.3406312921130149
dwsza,1.2254637550949243,0.5611700547177438
rde,1.409282862293356,0.5124517001483818
lopruc,2.049747824653167,0.5856918894564611
vsnigbwdep,2.1923620228261305,0.243504912574219
aehpmwwzievpjvh,2.4747290618038593,0.35440553918260265
xshoeexu,1.9933058471930485,0.3446567474990542
izikravknsavdnzj,2.4740670999738965,0.34117090146419937
nlpebcruvjczgakpfnrfusprcohpji,3.227341281999675,0.5576463722982662
yprnirnmwtrlvhwhpejelpvjvysfo,3.2002046560699884,0.2120494966141393
jarijored,2.154074421466658,0.3123616401659629
iwte,1.0633834305702976,0.5676202461443288
inrioy,2.018736888896113,0.3185372381497708
qkqmeibz,1.8061796962589616,0.3532961872459809
rjkpq,1.5602292154838882,0.30811386603769797
nckfxghnm,2.4953529369022114,0.5081661706344907
cdfkjnxx,1.6042125924613502,0.22461118576720393
nrgead,1.6894762861654782,0.5093257198936292
crnkjyyxmviaynkqvjnnt,3.1284030197749644,0.3375566234770978
poaxgvfabivtnjpadrbvjaoysigi,2.9418747861787775,0.21894377094726264
oswdoldrzy,2.2233289216067313,0.22858012412164294
ensnnki,2.498341730450866,0.4293228446036619
okwiqkvaosrfykhbkzc,3.2944276870971327,0.320254637202101
dem,1.0178781260326395,0.3380098413136227
jplxcehxsrgoshdndfbcmn,3.308420612776453,0.3675309681752314
iigxuzqsbvglkkvs,2.9332500946671916,0.2147399353856197
ijzqmlsdorwb,2.328825825191596,0.41920161466672545
xtdrlxrep,1.5428960703251562,0.3295033244260086
rwqdwam,2.1207635373673153,0.3427391895955625
rkaqtuosew,2.1133473697373475,0.41694331698161946
frww,1.1052519828896172,0.36191942737365745
ayolrnfyewlpfc,2.6355392298929177,0.2314942405951711
fyrt,1.618097223232277,0.33551669406322326
nrdhdhnz,2.1904985978177907,0.26207798949522343
nup,1.8956913102417592,0.5720956119339687
dvl,1.3492096673582792,0.4322520338922144
zpdmbcnqjxyzmpihmehzmucbzzdaas,3.3581171670097443,0.588327727703958
oaauz,2.0381665382325407,0.29458573505969965
npzfco,1.7024585783327293,0.24392782347467745
kfimt,1.7115795098287832,0.30161658715697637
tvkerbgekmat,1.7416720643509491,0.5449803494159977
cfkhsdjozunyrnfmctx,2.971849853317876,0.23055650680395062
gsxkdietedqnlvrp,2.2603225125218103,0.5108432297037642
kcdertgtx,1.940327009297683,0.41412443578685865
aoby,1.7218511134953127,0.5128459902902349
dbiaiaubryrszjjsuv,2.594512126346537,0.3597726513450171
okitfquohd,2.4132856260196993,0.38750389666730184
sariwl,1.6331229506938052,0.4265164222325736
wirzvxyxatjolfbjcavgvu,2.7933503051003084,0.4896048100930172
ijqgyqqawrdk,2.302321276401904,0.2284401331923742
grlw,1.0868138443083146,0.31948667375434936
zigjlmoaumem,2.6201606722359854,0.554656563782743
pzahkxpaipbuqsa,2.463955650252597,0.5026997253616923
bdxjtkrexfmdtcitnvzolxiqh,3.0242966720849394,0.2668195865963402
idvlbwctzznzovuddz,2.6612110411880883,0.4940492232245333
jubbvcxs,2.7816904444257604,0.506044639236211
mnzhqdpnpcefnsakpegxbgec,1.8082149329375619,0.48633618244023685
amtqjfihr,1.5488542283015763,0.44902411599347225
gmmzoqlujumkyrqbhvlogyyk,2.8151168409929053,0.27553775007672426
xvdkrrminlngxcqnwwpttitxtfflvx,3.221700226570141,0.5014100908776524
elbcklk,2.0585001740920594,0.3470091404086835
tgtlkzhqgjinnp,1.5425877013889682,0.5843331302603704
vys,1.2779129241469809,0.48279424946393107
ksrlcnrxfx,3.0684493070048666,0.5051592055708677
fovogalphlzmkzymabddsksqqsagic,3.1165499933317307,0.5595521220469994
lztwzdjvgtbjprbfalif,3.347523051891031,0.4432440189886231
evqjc,1.6085468988081377,0.22418032609042285
arxkchdvgpgoztcsm,2.597771895549363,0.39114959821387413
xmajedujtxcptfjpctkbgvyw,3.1549147277761436,0.38129003700096487
stzmjw,1.8393179188386153,0.26560285039609566
zxj,1.771206369180875,0.5797933961480506
fzaghzdintklhlabt,2.8243755102026853,0.22467664581732355
gixlsreiogratbbpenathekz,2.5236675114077443,0.33840347460589093
rrcd,1.6032371965427803,0.5968324401635687
kzxiekyrvfiyduadvzgg,2.4687990826808868,0.37769233590579265
jzn,1.244366404744173,0.537760611212794
iwe,1.4712786426554203,0.37098288992869954
muhehtlnvrkzzmfhsyjwtenuxajsmk,3.0349217997797475,0.4594680347186989
uvh,1.0964786047473414,0.25565083118231785
rvwf,1.0883660123502512,0.5204215965996903
zxepxurckicgcdgw,2.2464487397562563,0.5909161485737153
aiktklcmgjmm,2.382793942701311,0.22035135677867188
lqfcxfcctapfctukag,3.389378185587119,0.4052599419618952
fddyuaoftg,2.6019339980302476,0.356141233792115
jaeepqiyfysbeaqayj,2.7298891278980877,0.2847551511701622
ovkgrcictnjdjms,3.262601401988374,0.3621286708155619
obhponjxmvydfet,3.056501572878119,0.30773191254852517
shhiuwgxksvszcvbwn,2.314039670094739,0.4164619581535196
fszvdtsftjgdizqsglzxqarvotvrkv,2.943593563105679,0.4727171039226756
wcujtz,2.5326770311691202,0.5124552423687033
mbi,1.0499997583206768,0.5751988670226638
qxlwpl,1.664912580603771,0.4476042741411367
xeeu,1.1080357948900121,0.4205578858229605
iyhhg,1.9165065167344966,0.30453992286992004
ejxtzn,2.6416261975900346,0.42510867119208606
aul,1.1753129140926815,0.3419263961577609
ysysenjikbviq,2.3948760755299006,0.598787170422816
jsoalbqgrn,2.113489833608747,0.32097183277833763
xnzxo,1.4647225242060298,0.25780254686580945
qyljrtzbynskmpgzflxza,3.1992498070284934,0.2221927809194455
